{"Bounding Box Coordinates": [[132, 110, 228, 151], [107, 105, 151, 130]], "Object Class": ["car", "car"], "Confidence": [0.9992655515670776, 0.9600868821144104], "Timestamp": "2022-09-02_17:07:46", "Image Metadata": {"width": 275, "height": 183}}