{"Bounding Box Coordinates": [[44, 72, 120, 161], [142, 71, 175, 146]], "Object Class": ["clock", "clock"], "Confidence": [0.9929457306861877, 0.8621426820755005], "Timestamp": "2022-09-02_16:56:14", "Image Metadata": {"width": 200, "height": 280}}